{"cameraMode":{"drawMode":0,"name":"Shaded","section":"Shading Mode"},"sceneLighting":true,"audioPlay":false,"sceneViewState":{"m_AlwaysRefresh":false,"showFog":true,"showSkybox":true,"showFlares":true,"showImageEffects":true,"showParticleSystems":true,"showVisualEffectGraphs":true,"m_FxEnabled":true},"in2DMode":false,"pivot":{"x":21.033023834228517,"y":1.7103352546691895,"z":-0.7057223320007324},"rotation":{"x":0.13733188807964326,"y":-0.6900332570075989,"z":0.13585658371448518,"w":0.6975236535072327},"size":4.369611740112305,"orthographic":false}